ClientName,OwnerRepo,GitHubOwnerRepo,LibraryOld,LibraryNew,CommitSha,ClientMethod,ExternalCall
ROOT,72crm/72crm-java,github.com/72crm/72crm-java,jfinal-4.5,jfinal-5.2.4,9b17af536c120f9fe20d71564504e59e57d4e610,<com.kakarote.crm9.erp.work.service.WorkService: com.kakarote.crm9.utils.R setOwnerRole(com.alibaba.fastjson.JSONObject)>,"<com.jfinal.plugin.activerecord.Db: int[] batchSave(java.util.List,int)>"
ROOT,72crm/72crm-java,github.com/72crm/72crm-java,jfinal-4.5,jfinal-5.2.4,9b17af536c120f9fe20d71564504e59e57d4e610,<com.kakarote.crm9.erp.work.service.WorkService: com.kakarote.crm9.utils.R setWork(com.kakarote.crm9.erp.work.entity.Work)>,"<com.jfinal.plugin.activerecord.Db: int[] batchSave(java.util.List,int)>"
ROOT,72crm/72crm-java,github.com/72crm/72crm-java,jfinal-4.5,jfinal-5.2.4,9b17af536c120f9fe20d71564504e59e57d4e610,"<com.kakarote.crm9.erp.admin.service.AdminFieldService: boolean save(com.alibaba.fastjson.JSONArray,java.lang.String)>","<com.jfinal.plugin.activerecord.Db: int[] batchSave(java.util.List,int)>"
ROOT,72crm/72crm-java,github.com/72crm/72crm-java,jfinal-4.5,jfinal-5.2.4,9b17af536c120f9fe20d71564504e59e57d4e610,<com.kakarote.crm9.erp.crm.service.CrmLeadsService: com.kakarote.crm9.utils.R translate(java.lang.String)>,"<com.jfinal.plugin.activerecord.Db: int[] batchSave(java.util.List,int)>"
ROOT,72crm/72crm-java,github.com/72crm/72crm-java,jfinal-4.5,jfinal-5.2.4,9b17af536c120f9fe20d71564504e59e57d4e610,<com.kakarote.crm9.erp.crm.service.CrmLeadsService: com.kakarote.crm9.utils.R translate(java.lang.String)>,"<com.jfinal.plugin.activerecord.Db: int[] batchSave(java.util.List,int)>"
ROOT,72crm/72crm-java,github.com/72crm/72crm-java,jfinal-4.5,jfinal-5.2.4,9b17af536c120f9fe20d71564504e59e57d4e610,<com.kakarote.crm9.erp.crm.service.CrmLeadsService: com.kakarote.crm9.utils.R translate(java.lang.String)>,"<com.jfinal.plugin.activerecord.Db: int[] batchSave(java.util.List,int)>"
ROOT,72crm/72crm-java,github.com/72crm/72crm-java,jfinal-4.5,jfinal-5.2.4,9b17af536c120f9fe20d71564504e59e57d4e610,"<com.kakarote.crm9.erp.crm.service.CrmBusinessService: com.kakarote.crm9.utils.R relateContacts(java.lang.Integer,java.lang.String)>","<com.jfinal.plugin.activerecord.Db: int[] batchSave(java.util.List,int)>"
ROOT,72crm/72crm-java,github.com/72crm/72crm-java,jfinal-4.5,jfinal-5.2.4,9b17af536c120f9fe20d71564504e59e57d4e610,"<com.kakarote.crm9.erp.crm.service.CrmContactsService: com.kakarote.crm9.utils.R relateBusiness(java.lang.Integer,java.lang.String)>","<com.jfinal.plugin.activerecord.Db: int[] batchSave(java.util.List,int)>"
ROOT,72crm/72crm-java,github.com/72crm/72crm-java,jfinal-4.5,jfinal-5.2.4,9b17af536c120f9fe20d71564504e59e57d4e610,<com.kakarote.crm9.common.config.JfinalConfig: void configConstant(com.jfinal.config.Constants)>,<com.jfinal.ext.proxy.CglibProxyFactory: void <init>()>
ROOT,72crm/72crm-java,github.com/72crm/72crm-java,jfinal-4.5,jfinal-5.2.4,9b17af536c120f9fe20d71564504e59e57d4e610,<com.kakarote.crm9.common.config.JfinalConfig: void configConstant(com.jfinal.config.Constants)>,<com.jfinal.config.Constants: void setProxyFactory(com.jfinal.proxy.ProxyFactory)>
tushare-1.0.0,0RaymondJiang0/tushare-java,github.com/0RaymondJiang0/tushare-java,commons-csv-1.3,commons-csv-1.13.0,71ae80ffeff69a2c8e1f4b6e00c2f9a3049c8599,"<waditu.tushare.stock.Trading: java.util.List getTickData(java.lang.String,java.util.Date)>","<org.apache.commons.csv.CSVParser: org.apache.commons.csv.CSVParser parse(java.lang.String,org.apache.commons.csv.CSVFormat)>"
neuron-0.0.1,1036225283/xws,github.com/1036225283/xws,fastjson-1.2.31,fastjson-2.0.56,18ffb69e350593fa2b24b9501a3838c327124f3d,"<xws.util.UtilMnist: java.util.List dataFromJsonFile(java.lang.String,int)>",<com.alibaba.fastjson.JSONObject: java.lang.String getString(java.lang.String)>
neuron-0.0.1,1036225283/xws,github.com/1036225283/xws,fastjson-1.2.31,fastjson-2.0.56,18ffb69e350593fa2b24b9501a3838c327124f3d,<xws.test.FullNetWorkTest: java.util.Map loadMNIST()>,<com.alibaba.fastjson.JSONObject: java.lang.String getString(java.lang.String)>
sonar-pmd-plugin-3.0.1,95MISTAKE/sonar,github.com/95MISTAKE/sonar,sonar-plugin-api-7.4,sonar-plugin-api-9.4.0.54424,da97f2b096d1b2ec6f676f2c780482341b472844,<org.sonar.plugins.pmd.PmdViolationRecorder: org.sonar.api.rule.RuleKey findActiveRuleKeyFor(net.sourceforge.pmd.RuleViolation)>,"<org.sonar.api.rule.RuleKey: org.sonar.api.rule.RuleKey of(java.lang.String,java.lang.String)>"
sonar-pmd-plugin-3.0.1,95MISTAKE/sonar,github.com/95MISTAKE/sonar,sonar-plugin-api-7.4,sonar-plugin-api-9.4.0.54424,da97f2b096d1b2ec6f676f2c780482341b472844,<org.sonar.plugins.pmd.PmdViolationRecorder: org.sonar.api.rule.RuleKey findActiveRuleKeyFor(net.sourceforge.pmd.RuleViolation)>,"<org.sonar.api.rule.RuleKey: org.sonar.api.rule.RuleKey of(java.lang.String,java.lang.String)>"
springboot-mybatis-redis-0.0.1-SNAPSHOT,269941633/spring-boot-mybatis-redis,github.com/269941633/spring-boot-mybatis-redis,pagehelper-4.1.6,pagehelper-6.1.0,b9b76c3a8944e6dcb3a46a34e8497e824498fbdd,<com.fei.springboot.config.mybatis.MybatisConfiguration: com.github.pagehelper.PageHelper pageHelper()>,<com.github.pagehelper.PageHelper: void setProperties(java.util.Properties)>
drools-example-1.0-SNAPSHOT,527515025/drools-springboot,github.com/527515025/drools-springboot,kie-api-6.5.0.Final,kie-api-10.0.0,34a67e0ced1147ae94c823325702377777d991fa,<com.us.drink.DrinkBeer: org.kie.api.runtime.KieSession getSession()>,<org.kie.api.KieServices$Factory: org.kie.api.KieServices get()>
drools-example-1.0-SNAPSHOT,527515025/drools-springboot,github.com/527515025/drools-springboot,kie-api-6.5.0.Final,kie-api-10.0.0,34a67e0ced1147ae94c823325702377777d991fa,<com.us.templates.SimpleRuleTemplateExample: void main(java.lang.String[])>,<org.kie.api.KieServices$Factory: org.kie.api.KieServices get()>
drools-example-1.0-SNAPSHOT,527515025/drools-springboot,github.com/527515025/drools-springboot,kie-api-6.5.0.Final,kie-api-10.0.0,34a67e0ced1147ae94c823325702377777d991fa,<com.us.ticketDSL.TicketExampleWithDsl: void main(java.lang.String[])>,<org.kie.api.KieServices$Factory: org.kie.api.KieServices get()>
drools-example-1.0-SNAPSHOT,527515025/drools-springboot,github.com/527515025/drools-springboot,kie-api-6.5.0.Final,kie-api-10.0.0,34a67e0ced1147ae94c823325702377777d991fa,<com.us.point.PointTest: void point()>,<org.kie.api.KieServices$Factory: org.kie.api.KieServices get()>
drools-example-1.0-SNAPSHOT,527515025/drools-springboot,github.com/527515025/drools-springboot,kie-api-6.5.0.Final,kie-api-10.0.0,34a67e0ced1147ae94c823325702377777d991fa,<com.us.helloword.HelloWorld: void main(java.lang.String[])>,<org.kie.api.KieServices$Factory: org.kie.api.KieServices get()>
drools-example-1.0-SNAPSHOT,527515025/drools-springboot,github.com/527515025/drools-springboot,kie-api-6.5.0.Final,kie-api-10.0.0,34a67e0ced1147ae94c823325702377777d991fa,<com.us.person.PersonAgeTest: org.kie.api.runtime.KieSession getSession()>,<org.kie.api.KieServices$Factory: org.kie.api.KieServices get()>
drools-example-1.0-SNAPSHOT,527515025/drools-springboot,github.com/527515025/drools-springboot,kie-api-6.5.0.Final,kie-api-10.0.0,34a67e0ced1147ae94c823325702377777d991fa,<com.us.person.PersonTest: org.kie.api.runtime.KieSession getSession()>,<org.kie.api.KieServices$Factory: org.kie.api.KieServices get()>
drools-example-1.0-SNAPSHOT,527515025/drools-springboot,github.com/527515025/drools-springboot,kie-api-6.5.0.Final,kie-api-10.0.0,34a67e0ced1147ae94c823325702377777d991fa,<com.us.personTemp.PersonTemp: org.kie.api.runtime.KieSession getSession()>,<org.kie.api.KieServices$Factory: org.kie.api.KieServices get()>
drools-example-1.0-SNAPSHOT,527515025/drools-springboot,github.com/527515025/drools-springboot,kie-api-6.5.0.Final,kie-api-10.0.0,34a67e0ced1147ae94c823325702377777d991fa,<com.us.fusion.Application: org.kie.api.runtime.KieSession getSession()>,<org.kie.api.KieServices$Factory: org.kie.api.KieServices get()>
ROOT,72crm/72crm-java,github.com/72crm/72crm-java,hutool-all-4.6.8,hutool-all-5.8.36,9b17af536c120f9fe20d71564504e59e57d4e610,<com.kakarote.crm9.erp.admin.service.AdminRoleService: void copy(java.lang.Integer)>,"<cn.hutool.core.util.ReUtil: java.lang.String delFirst(java.lang.String,java.lang.CharSequence)>"
ROOT,72crm/72crm-java,github.com/72crm/72crm-java,hutool-all-4.6.8,hutool-all-5.8.36,9b17af536c120f9fe20d71564504e59e57d4e610,<com.kakarote.crm9.erp.admin.service.AdminRoleService: void copy(java.lang.Integer)>,"<cn.hutool.core.util.ReUtil: boolean contains(java.lang.String,java.lang.CharSequence)>"
ROOT,72crm/72crm-java,github.com/72crm/72crm-java,hutool-all-4.6.8,hutool-all-5.8.36,9b17af536c120f9fe20d71564504e59e57d4e610,<com.kakarote.crm9.erp.admin.service.AdminRoleService: void copy(java.lang.Integer)>,"<cn.hutool.core.util.ReUtil: java.lang.String get(java.lang.String,java.lang.CharSequence,int)>"
netty-socket-1.0,6ag/im-demo-netty-tcp-websocket,github.com/6ag/im-demo-netty-tcp-websocket,netty-all-4.1.32.Final,netty-all-5.0.0.Alpha2,,<com.kefu.netty.codec.TcpSpliter: void <init>()>,"<io.netty.handler.codec.LengthFieldBasedFrameDecoder: void <init>(int,int,int)>"
netty-socket-1.0,6ag/im-demo-netty-tcp-websocket,github.com/6ag/im-demo-netty-tcp-websocket,netty-all-4.1.32.Final,netty-all-5.0.0.Alpha2,,<com.kefu.netty.handler.IMIdleStateHandler: void <init>()>,"<io.netty.handler.timeout.IdleStateHandler: void <init>(long,long,long,java.util.concurrent.TimeUnit)>"
ROOT,72crm/72crm-java,github.com/72crm/72crm-java,poi-3.17,poi-5.4.0,9b17af536c120f9fe20d71564504e59e57d4e610,<com.kakarote.crm9.erp.crm.controller.CrmContactsController: void downloadExcel()>,<org.apache.poi.hssf.usermodel.HSSFWorkbook: void <init>()>
ROOT,72crm/72crm-java,github.com/72crm/72crm-java,poi-3.17,poi-5.4.0,9b17af536c120f9fe20d71564504e59e57d4e610,<com.kakarote.crm9.erp.crm.controller.CrmContactsController: void downloadExcel()>,<org.apache.poi.hssf.usermodel.HSSFCell: void setCellStyle(org.apache.poi.ss.usermodel.CellStyle)>
ROOT,72crm/72crm-java,github.com/72crm/72crm-java,poi-3.17,poi-5.4.0,9b17af536c120f9fe20d71564504e59e57d4e610,<com.kakarote.crm9.erp.crm.controller.CrmLeadsController: void downloadExcel()>,<org.apache.poi.hssf.usermodel.HSSFWorkbook: void <init>()>
ROOT,72crm/72crm-java,github.com/72crm/72crm-java,poi-3.17,poi-5.4.0,9b17af536c120f9fe20d71564504e59e57d4e610,<com.kakarote.crm9.erp.crm.controller.CrmLeadsController: void downloadExcel()>,<org.apache.poi.hssf.usermodel.HSSFCell: void setCellStyle(org.apache.poi.ss.usermodel.CellStyle)>
ROOT,72crm/72crm-java,github.com/72crm/72crm-java,poi-3.17,poi-5.4.0,9b17af536c120f9fe20d71564504e59e57d4e610,<com.kakarote.crm9.erp.crm.controller.CrmProductController: void downloadExcel()>,<org.apache.poi.hssf.usermodel.HSSFWorkbook: void <init>()>
ROOT,72crm/72crm-java,github.com/72crm/72crm-java,poi-3.17,poi-5.4.0,9b17af536c120f9fe20d71564504e59e57d4e610,<com.kakarote.crm9.erp.crm.controller.CrmProductController: void downloadExcel()>,<org.apache.poi.hssf.usermodel.HSSFCell: void setCellStyle(org.apache.poi.ss.usermodel.CellStyle)>
ROOT,72crm/72crm-java,github.com/72crm/72crm-java,poi-3.17,poi-5.4.0,9b17af536c120f9fe20d71564504e59e57d4e610,<com.kakarote.crm9.erp.crm.controller.CrmCustomerController: void downloadExcel()>,<org.apache.poi.hssf.usermodel.HSSFWorkbook: void <init>()>
ROOT,72crm/72crm-java,github.com/72crm/72crm-java,poi-3.17,poi-5.4.0,9b17af536c120f9fe20d71564504e59e57d4e610,<com.kakarote.crm9.erp.crm.controller.CrmCustomerController: void downloadExcel()>,<org.apache.poi.hssf.usermodel.HSSFCell: void setCellStyle(org.apache.poi.ss.usermodel.CellStyle)>
ROOT,72crm/72crm-java,github.com/72crm/72crm-java,poi-3.17,poi-5.4.0,9b17af536c120f9fe20d71564504e59e57d4e610,<com.kakarote.crm9.erp.crm.controller.CrmCustomerController: void downloadExcel()>,"<org.apache.poi.hssf.usermodel.HSSFWorkbook: void setSheetHidden(int,boolean)>"
pattern-1.0-SNAPSHOT,925781609/pattern,github.com/925781609/pattern,cglib-2.2.2,cglib-3.3.0,68eb95e46ed4a7d48bd39e7068438f2dc6560619,<pattern.proxy.cglib.Proxy: java.lang.Object getInstance(pattern.proxy.cglib.Subjcet)>,<net.sf.cglib.proxy.Enhancer: void <init>()>
pattern-1.0-SNAPSHOT,925781609/pattern,github.com/925781609/pattern,cglib-2.2.2,cglib-3.3.0,68eb95e46ed4a7d48bd39e7068438f2dc6560619,<pattern.proxy.cglib.Proxy: java.lang.Object getInstance(pattern.proxy.cglib.Subjcet)>,<net.sf.cglib.proxy.Enhancer: void setSuperclass(java.lang.Class)>
pattern-1.0-SNAPSHOT,925781609/pattern,github.com/925781609/pattern,cglib-2.2.2,cglib-3.3.0,68eb95e46ed4a7d48bd39e7068438f2dc6560619,<pattern.proxy.cglib.Proxy: java.lang.Object getInstance(pattern.proxy.cglib.Subjcet)>,<net.sf.cglib.proxy.Enhancer: void setCallbacks(net.sf.cglib.proxy.Callback[])>
pattern-1.0-SNAPSHOT,925781609/pattern,github.com/925781609/pattern,cglib-2.2.2,cglib-3.3.0,68eb95e46ed4a7d48bd39e7068438f2dc6560619,<pattern.proxy.cglib.Proxy: java.lang.Object getInstance(pattern.proxy.cglib.Subjcet)>,<net.sf.cglib.proxy.Enhancer: void setCallbackFilter(net.sf.cglib.proxy.CallbackFilter)>
enrichment-patterns-1.0-SNAPSHOT,0xdecaf/beam-enrichment-patterns,github.com/0xdecaf/beam-enrichment-patterns,beam-sdks-java-io-google-cloud-platform-2.9.0,beam-sdks-java-io-google-cloud-platform-2.63.0,4ea5efe9a61de48330da82ae56ae5915c5ce97df,<org.chaoslabs.beam.pipelines.JdbcReadAllExample3: void main(java.lang.String[])>,<org.apache.beam.sdk.io.gcp.pubsub.PubsubIO: org.apache.beam.sdk.io.gcp.pubsub.PubsubIO$Read readStrings()>
enrichment-patterns-1.0-SNAPSHOT,0xdecaf/beam-enrichment-patterns,github.com/0xdecaf/beam-enrichment-patterns,beam-sdks-java-io-google-cloud-platform-2.9.0,beam-sdks-java-io-google-cloud-platform-2.63.0,4ea5efe9a61de48330da82ae56ae5915c5ce97df,<org.chaoslabs.beam.pipelines.JdbcReadAllExample3: void main(java.lang.String[])>,<org.apache.beam.sdk.io.gcp.pubsub.PubsubIO: org.apache.beam.sdk.io.gcp.pubsub.PubsubIO$Write writeStrings()>
enrichment-patterns-1.0-SNAPSHOT,0xdecaf/beam-enrichment-patterns,github.com/0xdecaf/beam-enrichment-patterns,beam-sdks-java-io-google-cloud-platform-2.9.0,beam-sdks-java-io-google-cloud-platform-2.63.0,4ea5efe9a61de48330da82ae56ae5915c5ce97df,<org.chaoslabs.beam.pipelines.JdbcReadAllExample1: void main(java.lang.String[])>,<org.apache.beam.sdk.io.gcp.pubsub.PubsubIO: org.apache.beam.sdk.io.gcp.pubsub.PubsubIO$Read readStrings()>
enrichment-patterns-1.0-SNAPSHOT,0xdecaf/beam-enrichment-patterns,github.com/0xdecaf/beam-enrichment-patterns,beam-sdks-java-io-google-cloud-platform-2.9.0,beam-sdks-java-io-google-cloud-platform-2.63.0,4ea5efe9a61de48330da82ae56ae5915c5ce97df,<org.chaoslabs.beam.pipelines.JdbcReadAllExample1: void main(java.lang.String[])>,<org.apache.beam.sdk.io.gcp.pubsub.PubsubIO: org.apache.beam.sdk.io.gcp.pubsub.PubsubIO$Write writeStrings()>
enrichment-patterns-1.0-SNAPSHOT,0xdecaf/beam-enrichment-patterns,github.com/0xdecaf/beam-enrichment-patterns,beam-sdks-java-io-google-cloud-platform-2.9.0,beam-sdks-java-io-google-cloud-platform-2.63.0,4ea5efe9a61de48330da82ae56ae5915c5ce97df,<org.chaoslabs.beam.pipelines.JdbcReadAllExample2: void main(java.lang.String[])>,<org.apache.beam.sdk.io.gcp.pubsub.PubsubIO: org.apache.beam.sdk.io.gcp.pubsub.PubsubIO$Read readStrings()>
enrichment-patterns-1.0-SNAPSHOT,0xdecaf/beam-enrichment-patterns,github.com/0xdecaf/beam-enrichment-patterns,beam-sdks-java-io-google-cloud-platform-2.9.0,beam-sdks-java-io-google-cloud-platform-2.63.0,4ea5efe9a61de48330da82ae56ae5915c5ce97df,<org.chaoslabs.beam.pipelines.JdbcReadAllExample2: void main(java.lang.String[])>,<org.apache.beam.sdk.io.gcp.pubsub.PubsubIO: org.apache.beam.sdk.io.gcp.pubsub.PubsubIO$Write writeStrings()>
im-0.0.1-SNAPSHOT,266945/GOIM,github.com/266945/GOIM,jfinal-3.8,jfinal-5.2.2,d8c491d52035b53f76ed2aac8421b83fa4d3dfa6,<ec.mark.im.interceptor.UserInterceptor: void intercept(com.jfinal.aop.Invocation)>,<com.jfinal.core.Controller: void render(java.lang.String)>
sd-1.3,4ntoine/ServiceDiscovery-java,github.com/4ntoine/ServiceDiscovery-java,protobuf-java-2.6.1,protobuf-java-4.30.1,,<name.antonsmirnov.discovery.Dto$ServiceResponse$1: void <init>()>,<com.google.protobuf.AbstractParser: void <init>()>
sd-1.3,4ntoine/ServiceDiscovery-java,github.com/4ntoine/ServiceDiscovery-java,protobuf-java-2.6.1,protobuf-java-4.30.1,,<name.antonsmirnov.discovery.Dto$ServiceResponse$Builder: void <init>()>,<com.google.protobuf.GeneratedMessage$Builder: void <init>()>
sd-1.3,4ntoine/ServiceDiscovery-java,github.com/4ntoine/ServiceDiscovery-java,protobuf-java-2.6.1,protobuf-java-4.30.1,,<name.antonsmirnov.discovery.Dto$ServiceResponse$Builder: name.antonsmirnov.discovery.Dto$ServiceResponse$Builder clear()>,<com.google.protobuf.GeneratedMessage$Builder: com.google.protobuf.GeneratedMessage$Builder clear()>
sd-1.3,4ntoine/ServiceDiscovery-java,github.com/4ntoine/ServiceDiscovery-java,protobuf-java-2.6.1,protobuf-java-4.30.1,,<name.antonsmirnov.discovery.Dto$ServiceResponse$Builder: com.google.protobuf.ByteString getTypeBytes()>,<com.google.protobuf.ByteString: com.google.protobuf.ByteString copyFromUtf8(java.lang.String)>
sd-1.3,4ntoine/ServiceDiscovery-java,github.com/4ntoine/ServiceDiscovery-java,protobuf-java-2.6.1,protobuf-java-4.30.1,,<name.antonsmirnov.discovery.Dto$ServiceResponse$Builder: com.google.protobuf.ByteString getTitleBytes()>,<com.google.protobuf.ByteString: com.google.protobuf.ByteString copyFromUtf8(java.lang.String)>
sd-1.3,4ntoine/ServiceDiscovery-java,github.com/4ntoine/ServiceDiscovery-java,protobuf-java-2.6.1,protobuf-java-4.30.1,,<name.antonsmirnov.discovery.Dto$ServiceResponse: void <init>(com.google.protobuf.GeneratedMessage$Builder)>,<com.google.protobuf.GeneratedMessage: void <init>(com.google.protobuf.GeneratedMessage$Builder)>
sd-1.3,4ntoine/ServiceDiscovery-java,github.com/4ntoine/ServiceDiscovery-java,protobuf-java-2.6.1,protobuf-java-4.30.1,,<name.antonsmirnov.discovery.Dto$ServiceResponse: com.google.protobuf.ByteString getTitleBytes()>,<com.google.protobuf.ByteString: com.google.protobuf.ByteString copyFromUtf8(java.lang.String)>
sd-1.3,4ntoine/ServiceDiscovery-java,github.com/4ntoine/ServiceDiscovery-java,protobuf-java-2.6.1,protobuf-java-4.30.1,,<name.antonsmirnov.discovery.Dto$ServiceResponse: void <init>(boolean)>,<com.google.protobuf.GeneratedMessage: void <init>()>
sd-1.3,4ntoine/ServiceDiscovery-java,github.com/4ntoine/ServiceDiscovery-java,protobuf-java-2.6.1,protobuf-java-4.30.1,,<name.antonsmirnov.discovery.Dto$ServiceResponse: void <init>(boolean)>,<com.google.protobuf.UnknownFieldSet: com.google.protobuf.UnknownFieldSet getDefaultInstance()>
sd-1.3,4ntoine/ServiceDiscovery-java,github.com/4ntoine/ServiceDiscovery-java,protobuf-java-2.6.1,protobuf-java-4.30.1,,<name.antonsmirnov.discovery.Dto$ServiceResponse: void writeTo(com.google.protobuf.CodedOutputStream)>,<com.google.protobuf.UnknownFieldSet: void writeTo(com.google.protobuf.CodedOutputStream)>
sd-1.3,4ntoine/ServiceDiscovery-java,github.com/4ntoine/ServiceDiscovery-java,protobuf-java-2.6.1,protobuf-java-4.30.1,,"<name.antonsmirnov.discovery.Dto$ServiceResponse: void <init>(com.google.protobuf.CodedInputStream,com.google.protobuf.ExtensionRegistryLite)>",<com.google.protobuf.GeneratedMessage: void <init>()>
sd-1.3,4ntoine/ServiceDiscovery-java,github.com/4ntoine/ServiceDiscovery-java,protobuf-java-2.6.1,protobuf-java-4.30.1,,"<name.antonsmirnov.discovery.Dto$ServiceResponse: void <init>(com.google.protobuf.CodedInputStream,com.google.protobuf.ExtensionRegistryLite)>",<com.google.protobuf.UnknownFieldSet: com.google.protobuf.UnknownFieldSet$Builder newBuilder()>
sd-1.3,4ntoine/ServiceDiscovery-java,github.com/4ntoine/ServiceDiscovery-java,protobuf-java-2.6.1,protobuf-java-4.30.1,,<name.antonsmirnov.discovery.Dto$ServiceResponse: com.google.protobuf.ByteString getTypeBytes()>,<com.google.protobuf.ByteString: com.google.protobuf.ByteString copyFromUtf8(java.lang.String)>
sd-1.3,4ntoine/ServiceDiscovery-java,github.com/4ntoine/ServiceDiscovery-java,protobuf-java-2.6.1,protobuf-java-4.30.1,,<name.antonsmirnov.discovery.Dto$ServiceRequest$1: void <init>()>,<com.google.protobuf.AbstractParser: void <init>()>
sd-1.3,4ntoine/ServiceDiscovery-java,github.com/4ntoine/ServiceDiscovery-java,protobuf-java-2.6.1,protobuf-java-4.30.1,,<name.antonsmirnov.discovery.ServicePublisher$ListenerThread: name.antonsmirnov.discovery.Dto$ServiceResponse buildResponse(name.antonsmirnov.discovery.ServiceInfo)>,<com.google.protobuf.ByteString: com.google.protobuf.ByteString copyFrom(byte[])>
sd-1.3,4ntoine/ServiceDiscovery-java,github.com/4ntoine/ServiceDiscovery-java,protobuf-java-2.6.1,protobuf-java-4.30.1,,<name.antonsmirnov.discovery.Dto$ServiceRequest: void writeTo(com.google.protobuf.CodedOutputStream)>,"<com.google.protobuf.CodedOutputStream: void writeEnum(int,int)>"
sd-1.3,4ntoine/ServiceDiscovery-java,github.com/4ntoine/ServiceDiscovery-java,protobuf-java-2.6.1,protobuf-java-4.30.1,,<name.antonsmirnov.discovery.Dto$ServiceRequest: void writeTo(com.google.protobuf.CodedOutputStream)>,<com.google.protobuf.UnknownFieldSet: void writeTo(com.google.protobuf.CodedOutputStream)>
sd-1.3,4ntoine/ServiceDiscovery-java,github.com/4ntoine/ServiceDiscovery-java,protobuf-java-2.6.1,protobuf-java-4.30.1,,"<name.antonsmirnov.discovery.Dto$ServiceRequest: void <init>(com.google.protobuf.CodedInputStream,com.google.protobuf.ExtensionRegistryLite)>",<com.google.protobuf.GeneratedMessage: void <init>()>
sd-1.3,4ntoine/ServiceDiscovery-java,github.com/4ntoine/ServiceDiscovery-java,protobuf-java-2.6.1,protobuf-java-4.30.1,,"<name.antonsmirnov.discovery.Dto$ServiceRequest: void <init>(com.google.protobuf.CodedInputStream,com.google.protobuf.ExtensionRegistryLite)>",<com.google.protobuf.UnknownFieldSet: com.google.protobuf.UnknownFieldSet$Builder newBuilder()>
sd-1.3,4ntoine/ServiceDiscovery-java,github.com/4ntoine/ServiceDiscovery-java,protobuf-java-2.6.1,protobuf-java-4.30.1,,<name.antonsmirnov.discovery.Dto$ServiceRequest: com.google.protobuf.ByteString getTypeBytes()>,<com.google.protobuf.ByteString: com.google.protobuf.ByteString copyFromUtf8(java.lang.String)>
sd-1.3,4ntoine/ServiceDiscovery-java,github.com/4ntoine/ServiceDiscovery-java,protobuf-java-2.6.1,protobuf-java-4.30.1,,<name.antonsmirnov.discovery.Dto$ServiceRequest: void <init>(com.google.protobuf.GeneratedMessage$Builder)>,<com.google.protobuf.GeneratedMessage: void <init>(com.google.protobuf.GeneratedMessage$Builder)>
sd-1.3,4ntoine/ServiceDiscovery-java,github.com/4ntoine/ServiceDiscovery-java,protobuf-java-2.6.1,protobuf-java-4.30.1,,<name.antonsmirnov.discovery.Dto$ServiceRequest: void <init>(boolean)>,<com.google.protobuf.GeneratedMessage: void <init>()>
sd-1.3,4ntoine/ServiceDiscovery-java,github.com/4ntoine/ServiceDiscovery-java,protobuf-java-2.6.1,protobuf-java-4.30.1,,<name.antonsmirnov.discovery.Dto$ServiceRequest: void <init>(boolean)>,<com.google.protobuf.UnknownFieldSet: com.google.protobuf.UnknownFieldSet getDefaultInstance()>
sd-1.3,4ntoine/ServiceDiscovery-java,github.com/4ntoine/ServiceDiscovery-java,protobuf-java-2.6.1,protobuf-java-4.30.1,,<name.antonsmirnov.discovery.Dto$ServiceRequest$Builder: name.antonsmirnov.discovery.Dto$ServiceRequest$Builder clear()>,<com.google.protobuf.GeneratedMessage$Builder: com.google.protobuf.GeneratedMessage$Builder clear()>
sd-1.3,4ntoine/ServiceDiscovery-java,github.com/4ntoine/ServiceDiscovery-java,protobuf-java-2.6.1,protobuf-java-4.30.1,,<name.antonsmirnov.discovery.Dto$ServiceRequest$Builder: com.google.protobuf.ByteString getTypeBytes()>,<com.google.protobuf.ByteString: com.google.protobuf.ByteString copyFromUtf8(java.lang.String)>
sd-1.3,4ntoine/ServiceDiscovery-java,github.com/4ntoine/ServiceDiscovery-java,protobuf-java-2.6.1,protobuf-java-4.30.1,,<name.antonsmirnov.discovery.Dto$ServiceRequest$Builder: void <init>()>,<com.google.protobuf.GeneratedMessage$Builder: void <init>()>
springboot-mybatis-mysql-write-read-0.0.1-SNAPSHOT,269941633/spring-boot-mybatis-mysql-write-read,github.com/269941633/spring-boot-mybatis-mysql-write-read,pagehelper-4.1.6,pagehelper-6.1.0,f5a194ec4ffc5d9e48350909e4fc171128206fd9,<com.fei.springboot.config.dbconfig.MybatisConfiguration: com.github.pagehelper.PageHelper pageHelper()>,<com.github.pagehelper.PageHelper: void setProperties(java.util.Properties)>
twitterreporter-0.1.0-SNAPSHOT,3RiverDev/TwitterReporter,github.com/3RiverDev/TwitterReporter,lucene-core-3.6.2,lucene-core-10.1.0,5b7929f7787933eb32959b834ea61c414b3d1fa9,<org.threeriverdev.twitterreporter.TweetProcessor$1: void run()>,<org.apache.lucene.analysis.TokenStream: void reset()>
tiny-spring-1.0-SNAPSHOT,9527dong/tiny-spring,github.com/9527dong/tiny-spring,cglib-2.2.2,cglib-3.3.0,69e3d28cf3c244fb382c9ec93913dd5cad253ef7,<aop.CglibAopPorxy: java.lang.Object getProxy(java.lang.ClassLoader)>,"<net.sf.cglib.proxy.Enhancer: java.lang.Object create(java.lang.Class,net.sf.cglib.proxy.Callback)>"
tiny-spring-1.0-SNAPSHOT,9527dong/tiny-spring,github.com/9527dong/tiny-spring,cglib-2.2.2,cglib-3.3.0,69e3d28cf3c244fb382c9ec93913dd5cad253ef7,<aop.CglibAopPorxy: java.lang.Object getProxy()>,"<net.sf.cglib.proxy.Enhancer: java.lang.Object create(java.lang.Class,java.lang.Class[],net.sf.cglib.proxy.Callback)>"
firebrand-1.0-SNAPSHOT,47degrees/firebrand,github.com/47degrees/firebrand,commons-beanutils-1.8.0,commons-beanutils-1.10.1,,"<org.firebrandocm.dao.AbstractPersistenceFactory: void createKeysIfNeeded(java.util.Set,java.lang.Object[])>","<org.apache.commons.beanutils.PropertyUtils: void setProperty(java.lang.Object,java.lang.String,java.lang.Object)>"
firebrand-1.0-SNAPSHOT,47degrees/firebrand,github.com/47degrees/firebrand,commons-beanutils-1.8.0,commons-beanutils-1.10.1,,"<org.firebrandocm.dao.AbstractPersistenceFactory: void createKeysIfNeeded(java.util.Set,java.lang.Object[])>","<org.apache.commons.beanutils.PropertyUtils: java.lang.Object getProperty(java.lang.Object,java.lang.String)>"
firebrand-1.0-SNAPSHOT,47degrees/firebrand,github.com/47degrees/firebrand,commons-beanutils-1.8.0,commons-beanutils-1.10.1,,<org.firebrandocm.dao.AbstractPersistenceFactory: java.lang.String getKey(java.lang.Object)>,"<org.apache.commons.beanutils.PropertyUtils: java.lang.Object getProperty(java.lang.Object,java.lang.String)>"
firebrand-1.0-SNAPSHOT,47degrees/firebrand,github.com/47degrees/firebrand,commons-beanutils-1.8.0,commons-beanutils-1.10.1,,"<org.firebrandocm.dao.AbstractPersistenceFactory: void instantiateContainersIfNecessary(org.firebrandocm.dao.ClassMetadata,java.lang.Object,java.lang.String)>","<org.apache.commons.beanutils.PropertyUtils: java.lang.Object getProperty(java.lang.Object,java.lang.String)>"
firebrand-1.0-SNAPSHOT,47degrees/firebrand,github.com/47degrees/firebrand,commons-beanutils-1.8.0,commons-beanutils-1.10.1,,"<org.firebrandocm.dao.AbstractPersistenceFactory: void instantiateContainersIfNecessary(org.firebrandocm.dao.ClassMetadata,java.lang.Object,java.lang.String)>","<org.apache.commons.beanutils.PropertyUtils: void setProperty(java.lang.Object,java.lang.String,java.lang.Object)>"
firebrand-1.0-SNAPSHOT,47degrees/firebrand,github.com/47degrees/firebrand,commons-beanutils-1.8.0,commons-beanutils-1.10.1,,"<org.firebrandocm.dao.impl.hector.HectorPersistenceFactory: void loadLazyPropertyIfNecessary(org.firebrandocm.dao.ClassMetadata,java.lang.Object,java.lang.reflect.Method,java.lang.reflect.Method,java.lang.Object[])>","<org.apache.commons.beanutils.PropertyUtils: void setProperty(java.lang.Object,java.lang.String,java.lang.Object)>"
firebrand-1.0-SNAPSHOT,47degrees/firebrand,github.com/47degrees/firebrand,commons-beanutils-1.8.0,commons-beanutils-1.10.1,,"<org.firebrandocm.dao.impl.hector.HectorPersistenceFactory: java.lang.Object serializeColumns(java.lang.String,org.firebrandocm.dao.ClassMetadata,java.lang.Class,java.util.List,java.lang.Object,boolean)>","<org.apache.commons.beanutils.PropertyUtils: void setProperty(java.lang.Object,java.lang.String,java.lang.Object)>"
firebrand-1.0-SNAPSHOT,47degrees/firebrand,github.com/47degrees/firebrand,commons-beanutils-1.8.0,commons-beanutils-1.10.1,,"<org.firebrandocm.dao.impl.hector.HectorPersistenceFactory: void updateSimpleColumn(me.prettyprint.hector.api.mutation.Mutator,java.lang.String,org.firebrandocm.dao.ClassMetadata,java.lang.String,java.lang.Object,java.lang.Object)>","<org.apache.commons.beanutils.PropertyUtils: void setProperty(java.lang.Object,java.lang.String,java.lang.Object)>"
firebrand-1.0-SNAPSHOT,47degrees/firebrand,github.com/47degrees/firebrand,commons-beanutils-1.8.0,commons-beanutils-1.10.1,,"<org.firebrandocm.dao.impl.hector.HectorPersistenceFactory: void persistPropertyIfNecessary(me.prettyprint.hector.api.mutation.Mutator,java.lang.String,org.firebrandocm.dao.ClassMetadata,java.lang.Object,java.lang.String)>","<org.apache.commons.beanutils.PropertyUtils: java.lang.Object getProperty(java.lang.Object,java.lang.String)>"
firebrand-1.0-SNAPSHOT,47degrees/firebrand,github.com/47degrees/firebrand,commons-beanutils-1.8.0,commons-beanutils-1.10.1,,"<org.firebrandocm.dao.impl.hector.HectorPersistenceFactory: void serializeColumn(org.firebrandocm.dao.ClassMetadata,java.lang.Object,java.lang.String,me.prettyprint.hector.api.beans.HColumn,boolean)>","<org.apache.commons.beanutils.PropertyUtils: void setProperty(java.lang.Object,java.lang.String,java.lang.Object)>"
rtree-0.8.6,davidmoten/rtree,github.com/davidmoten/rtree,guava-mini-0.1.1,guava-mini-0.1.7,7c6f20019d46ec21ea5df97597f1dea592a115e4,"<com.github.davidmoten.rtree.SplitterQuadratic: com.github.davidmoten.rtree.geometry.ListPair split(java.util.List,int)>",<com.github.davidmoten.guavamini.Lists: java.util.ArrayList newArrayList(java.lang.Object[])>
rtree-0.8.6,davidmoten/rtree,github.com/davidmoten/rtree,guava-mini-0.1.1,guava-mini-0.1.7,7c6f20019d46ec21ea5df97597f1dea592a115e4,"<com.github.davidmoten.rtree.SplitterQuadratic: com.github.davidmoten.rtree.geometry.ListPair split(java.util.List,int)>",<com.github.davidmoten.guavamini.Lists: java.util.ArrayList newArrayList(java.lang.Object[])>
rtree-0.8.6,davidmoten/rtree,github.com/davidmoten/rtree,guava-mini-0.1.1,guava-mini-0.1.7,7c6f20019d46ec21ea5df97597f1dea592a115e4,<com.github.davidmoten.rtree.RTree: com.github.davidmoten.rtree.RTree add(com.github.davidmoten.rtree.Entry)>,<com.github.davidmoten.guavamini.Lists: java.util.ArrayList newArrayList(java.lang.Object[])>
springboot-mybatis-redis-0.0.1-SNAPSHOT,269941633/spring-boot-mybatis-redis,github.com/269941633/spring-boot-mybatis-redis,druid-1.1.10,druid-1.2.24,b9b76c3a8944e6dcb3a46a34e8497e824498fbdd,<com.fei.springboot.config.mybatis.DatasourceConfig: org.springframework.boot.web.servlet.ServletRegistrationBean druidServlet()>,<com.alibaba.druid.support.http.StatViewServlet: void <init>()>
javaTest-1.0-SNAPSHOT,527515025/JavaTest,github.com/527515025/JavaTest,maxmind-db-1.2.2,maxmind-db-3.1.1,8989e3cab65e1fe087c491b7ae8a8e1e57fd7e1e,<com.us.geoip.GeoipTest: void haveCache(java.lang.String)>,"<com.maxmind.db.Reader: void <init>(java.io.File,com.maxmind.db.Reader$FileMode,com.maxmind.db.NodeCache)>"
spring-boot-2-0.0.1-SNAPSHOT,1053531172/springboot2,github.com/1053531172/springboot2,spring-core-5.0.7.RELEASE,spring-core-6.2.3,8f6c18d37a7045943fcae75e52d66a9504ac4eb5,<com.spring.boot.config.ClusterDataSourceConfig: org.apache.ibatis.session.SqlSessionFactory masterSqlSessionFactory(javax.sql.DataSource)>,<org.springframework.core.io.support.PathMatchingResourcePatternResolver: void <init>()>
spring-boot-2-0.0.1-SNAPSHOT,1053531172/springboot2,github.com/1053531172/springboot2,spring-core-5.0.7.RELEASE,spring-core-6.2.3,8f6c18d37a7045943fcae75e52d66a9504ac4eb5,<com.spring.boot.config.MasterDataSourceConfig: org.apache.ibatis.session.SqlSessionFactory masterSqlSessionFactory(javax.sql.DataSource)>,<org.springframework.core.io.support.PathMatchingResourcePatternResolver: void <init>()>
interapp-eventbus-1.1-SNAPSHOT,64BitDev/interapp-eventbus,github.com/64BitDev/interapp-eventbus,gwt-user-2.6.0,gwt-user-2.10.0,aed106b07a342b843c9d50a7269bcdf7b222160b,"<com.gwtdaily.interapp.eventbus.client.base.InterAppEventBus: void pickListener(java.lang.String,com.google.gwt.core.client.JavaScriptObject)>",<com.google.gwt.core.client.Scheduler: com.google.gwt.core.client.Scheduler get()>
tiny-spring-1.0-SNAPSHOT,9527dong/tiny-spring,github.com/9527dong/tiny-spring,commons-beanutils-1.9.3,commons-beanutils-1.10.1,69e3d28cf3c244fb382c9ec93913dd5cad253ef7,"<bean.BeanDefinition: void lambda$getBean$0(factory.BeanFactory,bean.PropertyValue)>","<org.apache.commons.beanutils.BeanUtils: void setProperty(java.lang.Object,java.lang.String,java.lang.Object)>"
rtree-0.8.6,davidmoten/rtree,github.com/davidmoten/rtree,kryo-3.0.3,kryo-5.6.2,7c6f20019d46ec21ea5df97597f1dea592a115e4,<com.github.davidmoten.rtree.Serializers$SerializerTypedBuilder$1: com.esotericsoftware.kryo.Kryo call()>,<com.esotericsoftware.kryo.Kryo: void <init>()>
rtree-0.8.6,davidmoten/rtree,github.com/davidmoten/rtree,kryo-3.0.3,kryo-5.6.2,7c6f20019d46ec21ea5df97597f1dea592a115e4,"<com.github.davidmoten.rtree.kryo.SerializerKryo: void write(com.github.davidmoten.rtree.RTree,java.io.OutputStream)>",<com.esotericsoftware.kryo.io.Output: void <init>(java.io.OutputStream)>
sameas4j-2.1-SNAPSHOT,99soft/sameas4j,github.com/99soft/sameas4j,gson-1.6,gson-2.12.1,d6fcb6a137c5a80278001a6d11ee917be4f5ea41,<org.nnsoft.sameas4j.SameAsServiceImpl: void <init>()>,<com.google.gson.GsonBuilder: void <init>()>
tushare-1.0.0,0RaymondJiang0/tushare-java,github.com/0RaymondJiang0/tushare-java,httpcore-4.4.4,httpcore-4.4.16,71ae80ffeff69a2c8e1f4b6e00c2f9a3049c8599,"<waditu.tushare.common.HTTParty: java.lang.String get(java.lang.String,java.lang.String)>","<org.apache.http.util.EntityUtils: java.lang.String toString(org.apache.http.HttpEntity,java.lang.String)>"
springboot-mybatis-0.0.1-SNAPSHOT,269941633/spring-boot-mybatis,github.com/269941633/spring-boot-mybatis,pagehelper-4.1.6,pagehelper-6.1.0,c6d5d10c4ecd87237491d4f6f28bb63e0c97ee13,<com.fei.springboot.mybatisconfig.MybatisConfiguration: com.github.pagehelper.PageHelper pageHelper()>,<com.github.pagehelper.PageHelper: void setProperties(java.util.Properties)>
javaTest-1.0-SNAPSHOT,527515025/JavaTest,github.com/527515025/JavaTest,httpcore-4.4.4,httpcore-4.4.16,8989e3cab65e1fe087c491b7ae8a8e1e57fd7e1e,"<com.us.utils.SendWechat: void sendMsg(java.lang.String,java.lang.String,java.lang.String)>",<org.apache.http.util.EntityUtils: java.lang.String toString(org.apache.http.HttpEntity)>
javaTest-1.0-SNAPSHOT,527515025/JavaTest,github.com/527515025/JavaTest,httpcore-4.4.4,httpcore-4.4.16,8989e3cab65e1fe087c491b7ae8a8e1e57fd7e1e,"<com.us.basics.http.HttpRequestUtil: java.lang.String doPut(java.lang.String,java.lang.String,java.lang.String)>",<org.apache.http.entity.StringEntity: void <init>(java.lang.String)>
javaTest-1.0-SNAPSHOT,527515025/JavaTest,github.com/527515025/JavaTest,httpcore-4.4.4,httpcore-4.4.16,8989e3cab65e1fe087c491b7ae8a8e1e57fd7e1e,"<com.us.basics.http.HttpRequestUtil: java.lang.String doPut(java.lang.String,java.lang.String,java.lang.String)>",<org.apache.http.util.EntityUtils: java.lang.String toString(org.apache.http.HttpEntity)>
javaTest-1.0-SNAPSHOT,527515025/JavaTest,github.com/527515025/JavaTest,httpcore-4.4.4,httpcore-4.4.16,8989e3cab65e1fe087c491b7ae8a8e1e57fd7e1e,"<com.us.basics.http.HttpRequestUtil: java.lang.String doGet(java.lang.String,java.lang.String)>",<org.apache.http.util.EntityUtils: java.lang.String toString(org.apache.http.HttpEntity)>
javaTest-1.0-SNAPSHOT,527515025/JavaTest,github.com/527515025/JavaTest,httpcore-4.4.4,httpcore-4.4.16,8989e3cab65e1fe087c491b7ae8a8e1e57fd7e1e,"<com.us.basics.http.HttpRequestUtil: java.lang.String doDelete(java.lang.String,java.lang.String,java.lang.String)>",<org.apache.http.util.EntityUtils: java.lang.String toString(org.apache.http.HttpEntity)>
javaTest-1.0-SNAPSHOT,527515025/JavaTest,github.com/527515025/JavaTest,httpcore-4.4.4,httpcore-4.4.16,8989e3cab65e1fe087c491b7ae8a8e1e57fd7e1e,"<com.us.basics.http.HttpRequestUtil: java.lang.String doPost(java.lang.String,java.lang.String,java.lang.String)>","<org.apache.http.entity.StringEntity: void <init>(java.lang.String,java.lang.String)>"
javaTest-1.0-SNAPSHOT,527515025/JavaTest,github.com/527515025/JavaTest,httpcore-4.4.4,httpcore-4.4.16,8989e3cab65e1fe087c491b7ae8a8e1e57fd7e1e,"<com.us.basics.http.HttpRequestUtil: java.lang.String doPost(java.lang.String,java.lang.String,java.lang.String)>",<org.apache.http.util.EntityUtils: java.lang.String toString(org.apache.http.HttpEntity)>
javaTest-1.0-SNAPSHOT,527515025/JavaTest,github.com/527515025/JavaTest,httpcore-4.4.4,httpcore-4.4.16,8989e3cab65e1fe087c491b7ae8a8e1e57fd7e1e,"<com.us.basics.http.HttpUtils: org.apache.http.HttpResponse doPost(java.lang.String,java.lang.String,java.lang.String,java.util.Map,java.util.Map,java.lang.String)>","<org.apache.http.entity.StringEntity: void <init>(java.lang.String,java.lang.String)>"
javaTest-1.0-SNAPSHOT,527515025/JavaTest,github.com/527515025/JavaTest,httpcore-4.4.4,httpcore-4.4.16,8989e3cab65e1fe087c491b7ae8a8e1e57fd7e1e,"<com.us.basics.http.HttpUtils: org.apache.http.HttpResponse doPut(java.lang.String,java.lang.String,java.lang.String,java.util.Map,java.util.Map,byte[])>",<org.apache.http.entity.ByteArrayEntity: void <init>(byte[])>
javaTest-1.0-SNAPSHOT,527515025/JavaTest,github.com/527515025/JavaTest,httpcore-4.4.4,httpcore-4.4.16,8989e3cab65e1fe087c491b7ae8a8e1e57fd7e1e,<com.us.basics.http.HttpUtils: com.alibaba.fastjson.JSONObject getJson(org.apache.http.HttpResponse)>,"<org.apache.http.util.EntityUtils: java.lang.String toString(org.apache.http.HttpEntity,java.lang.String)>"
javaTest-1.0-SNAPSHOT,527515025/JavaTest,github.com/527515025/JavaTest,httpcore-4.4.4,httpcore-4.4.16,8989e3cab65e1fe087c491b7ae8a8e1e57fd7e1e,"<com.us.basics.http.HttpUtils: org.apache.http.HttpResponse doPut(java.lang.String,java.lang.String,java.lang.String,java.util.Map,java.util.Map,java.lang.String)>","<org.apache.http.entity.StringEntity: void <init>(java.lang.String,java.lang.String)>"
javaTest-1.0-SNAPSHOT,527515025/JavaTest,github.com/527515025/JavaTest,httpcore-4.4.4,httpcore-4.4.16,8989e3cab65e1fe087c491b7ae8a8e1e57fd7e1e,"<com.us.basics.http.HttpUtils: org.apache.http.HttpResponse doPost(java.lang.String,java.lang.String,java.lang.String,java.util.Map,java.util.Map,byte[])>",<org.apache.http.entity.ByteArrayEntity: void <init>(byte[])>
enrichment-patterns-1.0-SNAPSHOT,0xdecaf/beam-enrichment-patterns,github.com/0xdecaf/beam-enrichment-patterns,beam-sdks-java-core-2.9.0,beam-sdks-java-core-2.63.0,4ea5efe9a61de48330da82ae56ae5915c5ce97df,<org.chaoslabs.beam.pipelines.JdbcReadAllExample2$1: void <init>()>,<org.apache.beam.sdk.transforms.SimpleFunction: void <init>()>
enrichment-patterns-1.0-SNAPSHOT,0xdecaf/beam-enrichment-patterns,github.com/0xdecaf/beam-enrichment-patterns,beam-sdks-java-core-2.9.0,beam-sdks-java-core-2.63.0,4ea5efe9a61de48330da82ae56ae5915c5ce97df,<org.chaoslabs.beam.pipelines.JdbcReadAllExample3$1: void <init>()>,<org.apache.beam.sdk.transforms.SimpleFunction: void <init>()>
enrichment-patterns-1.0-SNAPSHOT,0xdecaf/beam-enrichment-patterns,github.com/0xdecaf/beam-enrichment-patterns,beam-sdks-java-core-2.9.0,beam-sdks-java-core-2.63.0,4ea5efe9a61de48330da82ae56ae5915c5ce97df,"<org.chaoslabs.beam.pipelines.JdbcReadAllExample3: org.apache.beam.sdk.values.PCollection buildPipeline(org.chaoslabs.beam.pipelines.JdbcReadAllExample3$EnricherOptions,org.apache.beam.sdk.values.PCollection)>",<org.apache.beam.sdk.transforms.GroupByKey: void applicableTo(org.apache.beam.sdk.values.PCollection)>
enrichment-patterns-1.0-SNAPSHOT,0xdecaf/beam-enrichment-patterns,github.com/0xdecaf/beam-enrichment-patterns,beam-sdks-java-core-2.9.0,beam-sdks-java-core-2.63.0,4ea5efe9a61de48330da82ae56ae5915c5ce97df,"<org.chaoslabs.beam.pipelines.JdbcReadAllExample3: org.apache.beam.sdk.values.PCollection buildPipeline(org.chaoslabs.beam.pipelines.JdbcReadAllExample3$EnricherOptions,org.apache.beam.sdk.values.PCollection)>",<org.apache.beam.sdk.transforms.ParDo: org.apache.beam.sdk.transforms.ParDo$SingleOutput of(org.apache.beam.sdk.transforms.DoFn)>
enrichment-patterns-1.0-SNAPSHOT,0xdecaf/beam-enrichment-patterns,github.com/0xdecaf/beam-enrichment-patterns,beam-sdks-java-core-2.9.0,beam-sdks-java-core-2.63.0,4ea5efe9a61de48330da82ae56ae5915c5ce97df,"<org.chaoslabs.beam.pipelines.JdbcReadAllExample2: org.apache.beam.sdk.values.PCollection buildPipeline(org.chaoslabs.beam.pipelines.JdbcReadAllExample2$EnricherOptions,org.apache.beam.sdk.values.PCollection)>",<org.apache.beam.sdk.transforms.GroupByKey: void applicableTo(org.apache.beam.sdk.values.PCollection)>
enrichment-patterns-1.0-SNAPSHOT,0xdecaf/beam-enrichment-patterns,github.com/0xdecaf/beam-enrichment-patterns,beam-sdks-java-core-2.9.0,beam-sdks-java-core-2.63.0,4ea5efe9a61de48330da82ae56ae5915c5ce97df,"<org.chaoslabs.beam.pipelines.JdbcReadAllExample2: org.apache.beam.sdk.values.PCollection buildPipeline(org.chaoslabs.beam.pipelines.JdbcReadAllExample2$EnricherOptions,org.apache.beam.sdk.values.PCollection)>",<org.apache.beam.sdk.transforms.ParDo: org.apache.beam.sdk.transforms.ParDo$SingleOutput of(org.apache.beam.sdk.transforms.DoFn)>
